# ************************************************************
# Sequel Pro SQL dump
# Version 4541
#
# http://www.sequelpro.com/
# https://github.com/sequelpro/sequelpro
#
# Host: 127.0.0.1 (MySQL 5.7.18)
# Database: sidecommerce
# Generation Time: 2017-08-15 18:31:53 +0000
# ************************************************************


/*!40101 SET @OLD_CHARACTER_SET_CLIENT=@@CHARACTER_SET_CLIENT */;
/*!40101 SET @OLD_CHARACTER_SET_RESULTS=@@CHARACTER_SET_RESULTS */;
/*!40101 SET @OLD_COLLATION_CONNECTION=@@COLLATION_CONNECTION */;
/*!40101 SET NAMES utf8 */;
/*!40014 SET @OLD_FOREIGN_KEY_CHECKS=@@FOREIGN_KEY_CHECKS, FOREIGN_KEY_CHECKS=0 */;
/*!40101 SET @OLD_SQL_MODE=@@SQL_MODE, SQL_MODE='NO_AUTO_VALUE_ON_ZERO' */;
/*!40111 SET @OLD_SQL_NOTES=@@SQL_NOTES, SQL_NOTES=0 */;


# Dump of table categories
# ------------------------------------------------------------

DROP TABLE IF EXISTS `categories`;

CREATE TABLE `categories` (
  `id` int(11) unsigned NOT NULL AUTO_INCREMENT,
  `name` varchar(255) DEFAULT NULL,
  `parent` int(11) unsigned DEFAULT NULL,
  PRIMARY KEY (`id`),
  UNIQUE KEY `name` (`name`),
  KEY `parent` (`parent`),
  CONSTRAINT `categories_ibfk_1` FOREIGN KEY (`parent`) REFERENCES `categories` (`id`) ON DELETE CASCADE ON UPDATE CASCADE
) ENGINE=InnoDB DEFAULT CHARSET=utf8;

LOCK TABLES `categories` WRITE;
/*!40000 ALTER TABLE `categories` DISABLE KEYS */;

INSERT INTO `categories` (`id`, `name`, `parent`)
VALUES
	(209,'BOYS',NULL),
	(210,'ACCESSORIES',209),
	(211,'BEANIES',210),
	(212,'CAPS-TRUCKER',210),
	(213,'ANDY DAVIS COLLECTION',210),
	(214,'SNOW',209),
	(215,'JACKET OUTERWEAR',214),
	(216,'MENS',NULL),
	(217,'JACKETS',216),
	(218,'KNIT TOPS',216),
	(219,'SHORT SLEEVE',218);

/*!40000 ALTER TABLE `categories` ENABLE KEYS */;
UNLOCK TABLES;


# Dump of table colors
# ------------------------------------------------------------

DROP TABLE IF EXISTS `colors`;

CREATE TABLE `colors` (
  `id` int(11) unsigned NOT NULL AUTO_INCREMENT,
  `name` varchar(255) NOT NULL DEFAULT '',
  `code` char(4) NOT NULL DEFAULT '',
  PRIMARY KEY (`id`)
) ENGINE=InnoDB DEFAULT CHARSET=utf8;

LOCK TABLES `colors` WRITE;
/*!40000 ALTER TABLE `colors` DISABLE KEYS */;

INSERT INTO `colors` (`id`, `name`, `code`)
VALUES
	(225,'2012 FALL','V'),
	(226,'2013 HOLIDAY','4');

/*!40000 ALTER TABLE `colors` ENABLE KEYS */;
UNLOCK TABLES;


# Dump of table products
# ------------------------------------------------------------

DROP TABLE IF EXISTS `products`;

CREATE TABLE `products` (
  `id` int(11) unsigned NOT NULL AUTO_INCREMENT,
  `upc` varchar(12) NOT NULL DEFAULT '',
  `sku` varchar(64) NOT NULL DEFAULT '',
  `name` varchar(255) NOT NULL DEFAULT '',
  `tax` tinyint(1) NOT NULL DEFAULT '1',
  `price` decimal(15,4) NOT NULL,
  `size` varchar(64) NOT NULL DEFAULT '',
  `quantity` int(4) NOT NULL DEFAULT '0',
  `description` text,
  `on_sale` tinyint(1) NOT NULL DEFAULT '0',
  `sale_price` decimal(15,4) DEFAULT NULL,
  `category_id` int(11) unsigned NOT NULL,
  `season_id` int(11) unsigned NOT NULL,
  `color_id` int(11) unsigned NOT NULL,
  PRIMARY KEY (`id`),
  KEY `category_id` (`category_id`),
  KEY `season_id` (`season_id`),
  KEY `color_id` (`color_id`),
  CONSTRAINT `products_ibfk_1` FOREIGN KEY (`category_id`) REFERENCES `categories` (`id`) ON DELETE CASCADE ON UPDATE CASCADE,
  CONSTRAINT `products_ibfk_2` FOREIGN KEY (`season_id`) REFERENCES `seasons` (`id`) ON DELETE CASCADE ON UPDATE CASCADE,
  CONSTRAINT `products_ibfk_3` FOREIGN KEY (`color_id`) REFERENCES `colors` (`id`) ON DELETE CASCADE ON UPDATE CASCADE
) ENGINE=InnoDB DEFAULT CHARSET=utf8;

LOCK TABLES `products` WRITE;
/*!40000 ALTER TABLE `products` DISABLE KEYS */;

INSERT INTO `products` (`id`, `upc`, `sku`, `name`, `tax`, `price`, `size`, `quantity`, `description`, `on_sale`, `sale_price`, `category_id`, `season_id`, `color_id`)
VALUES
	(209,'82800100976','BABNVLEG','LEGACY BEANIE',1,11.5000,'ONE',0,'This beanie is 100% cotton with a elastic headband',0,NULL,211,88,225),
	(210,'82800100983','BABNVLEG','LEGACY BEANIE',1,11.5000,'ONE',3,'This beanie is 100% cotton with a elastic headband',0,NULL,211,89,225),
	(211,'82800100990','BABNVSMA','SMALL FRY BEANIE',1,11.5000,'ONE',1,NULL,0,NULL,211,90,225),
	(212,'82800101007','BABNVSMA','SMALL FRY BEANIE',1,11.5000,'ONE',0,NULL,0,NULL,211,91,225),
	(213,'82800196710','BAHTVALL','ALLEGIANCE FLEXFIT',1,19.5000,'ONE',0,NULL,0,NULL,212,92,225),
	(214,'82800196727','BAHTVALL','ALLEGIANCE FLEXFIT',1,19.5000,'ONE',0,NULL,0,NULL,212,93,225),
	(215,'82800196734','BAHTVAMP','AMPED TRUCKER',1,12.0000,'ONE',3,'Party in the front, Mesh in the back',0,NULL,212,92,225),
	(216,'82800196741','BAHTVAMP','AMPED TRUCKER',1,12.0000,'ONE',0,'Party in the front, Mesh in the back',0,NULL,212,88,225),
	(217,'82800196757','BAHTVAMP','AMPED TRUCKER',1,12.0000,'ONE',0,'Party in the front, Mesh in the back',0,NULL,212,94,225),
	(218,'82800196696','BAHTVKOM','KOMPLETE TRUCKER',1,16.5000,'ONE',0,NULL,0,NULL,212,88,225),
	(219,'82800196703','BAHTVKOM','KOMPLETE TRUCKER',1,16.5000,'ONE',0,NULL,0,NULL,212,95,225),
	(220,'82800196604','BAHTVRIP','AD RIPPER DUDE',1,20.5000,'ONE',0,NULL,1,18.5000,213,92,225),
	(221,'82800196611','BAHTVRIP','AD RIPPER DUDE',1,20.5000,'ONE',0,NULL,1,18.5000,213,96,225),
	(222,'82800189872','BSNJVSTA','STANCE JCKT',1,124.5000,'L',3,'Made from 60% canvas, 40% cottom and 100% love',0,NULL,215,97,225),
	(223,'82800189865','BSNJVSTA','STANCE JCKT',1,124.5000,'M',3,'Made from 60% canvas, 40% cottom and 100% love',0,NULL,215,97,225),
	(224,'82800189858','BSNJVSTA','STANCE JCKT',1,124.5000,'S',3,'Made from 60% canvas, 40% cottom and 100% love',0,NULL,215,97,225),
	(225,'28570769723','M7053ALL','ALL DAY PUFF',1,69.5000,'2XL',5,NULL,0,NULL,217,98,226),
	(226,'28570546590','M7053ALL','ALL DAY PUFF',1,69.5000,'L',0,NULL,0,NULL,217,99,226),
	(227,'28570546552','M7053ALL','ALL DAY PUFF',1,69.5000,'M',0,NULL,0,NULL,217,99,226),
	(228,'28570546546','M7053ALL','ALL DAY PUFF',1,69.5000,'S',0,NULL,0,NULL,217,99,226),
	(229,'28570546607','M7053ALL','ALL DAY PUFF',1,69.5000,'XL',0,NULL,0,NULL,217,99,226),
	(230,'28570546614','M7053ALL','ALL DAY PUFF',1,69.5000,'2XL',0,NULL,0,NULL,217,99,226),
	(231,'28570769753','M7064ROV','ROVER',1,104.0000,'L',0,NULL,0,NULL,217,92,226),
	(232,'28570769747','M7064ROV','ROVER',1,104.0000,'M',1,NULL,0,NULL,217,92,226),
	(233,'28570769730','M7064ROV','ROVER',1,104.0000,'S',1,NULL,0,NULL,217,92,226),
	(234,'28570769760','M7064ROV','ROVER',1,104.0000,'XL',0,NULL,0,NULL,217,92,226),
	(235,'28570769839','M7064ROV','ROVER',1,104.0000,'L',15,NULL,0,NULL,217,100,226),
	(236,'28570769822','M7064ROV','ROVER',1,104.0000,'M',11,NULL,0,NULL,217,100,226),
	(237,'28570769815','M7064ROV','ROVER',1,104.0000,'S',5,NULL,0,NULL,217,100,226),
	(238,'28570769846','M7064ROV','ROVER',1,104.0000,'XL',5,NULL,0,NULL,217,100,226),
	(239,'28570769945','M7074IRW','IRWIN',1,114.0000,'L',1,NULL,0,NULL,217,101,226),
	(240,'28570769869','M7074IRW','IRWIN',1,114.0000,'M',2,NULL,0,NULL,217,101,226),
	(241,'28570769852','M7074IRW','IRWIN',1,114.0000,'S',3,NULL,0,NULL,217,101,226),
	(242,'28570769951','M7074IRW','IRWIN',1,114.0000,'XL',2,NULL,0,NULL,217,101,226),
	(243,'28570546682','M7083FUT','FUTURE ZP HD',1,114.0000,'L',0,'Get out of the sun and into the rain. Stay dry with this hoddie bro',0,NULL,217,92,226),
	(244,'28570546675','M7083FUT','FUTURE ZP HD',1,114.0000,'M',0,'Get out of the sun and into the rain. Stay dry with this hoddie bro',0,NULL,217,92,226),
	(245,'28570546668','M7083FUT','FUTURE ZP HD',1,114.0000,'S',0,'Get out of the sun and into the rain. Stay dry with this hoddie bro',0,NULL,217,92,226),
	(246,'28570546699','M7083FUT','FUTURE ZP HD',1,114.0000,'XL',0,'Get out of the sun and into the rain. Stay dry with this hoddie bro',0,NULL,217,92,226),
	(247,'28570769982','M7083FUT','FUTURE ZP HD',1,114.0000,'L',0,'Get out of the sun and into the rain. Stay dry with this hoddie bro',0,NULL,217,102,226),
	(248,'28570769975','M7083FUT','FUTURE ZP HD',1,114.0000,'M',5,'Get out of the sun and into the rain. Stay dry with this hoddie bro',0,NULL,217,102,226),
	(249,'28570769968','M7083FUT','FUTURE ZP HD',1,114.0000,'S',0,'Get out of the sun and into the rain. Stay dry with this hoddie bro',0,NULL,217,102,226),
	(250,'28570769999','M7083FUT','FUTURE ZP HD',1,114.0000,'XL',0,'Get out of the sun and into the rain. Stay dry with this hoddie bro',0,NULL,217,102,226),
	(251,'28570770020','M7094SUM','SUMMIT',1,114.0000,'L',9,NULL,0,NULL,217,102,226),
	(252,'28570770013','M7094SUM','SUMMIT',1,114.0000,'M',12,NULL,0,NULL,217,102,226),
	(253,'28570770006','M7094SUM','SUMMIT',1,114.0000,'S',8,NULL,0,NULL,217,102,226),
	(254,'28570770037','M7094SUM','SUMMIT',1,114.0000,'XL',7,NULL,0,NULL,217,102,226),
	(255,'28570770044','M7094SUM','SUMMIT',1,114.0000,'2XL',0,NULL,0,NULL,217,102,226),
	(256,'28570770125','M7103HIT','HITCHER',1,74.0000,'L',12,NULL,0,NULL,217,102,226),
	(257,'28570770118','M7103HIT','HITCHER',1,74.0000,'M',5,NULL,0,NULL,217,102,226),
	(258,'28570770101','M7103HIT','HITCHER',1,74.0000,'S',0,NULL,0,NULL,217,102,226),
	(259,'28570770132','M7103HIT','HITCHER',1,74.0000,'XL',5,NULL,0,NULL,217,102,226),
	(260,'28570547034','M7113REV','REVERT',1,124.0000,'L',0,NULL,0,NULL,217,103,226),
	(261,'28570547027','M7113REV','REVERT',1,124.0000,'M',0,NULL,0,NULL,217,103,226),
	(262,'28570547010','M7113REV','REVERT',1,124.0000,'S',0,NULL,0,NULL,217,103,226),
	(263,'28570547041','M7113REV','REVERT',1,124.0000,'XL',0,NULL,0,NULL,217,103,226),
	(264,'28570770162','M7144PEL','PELICAN GARAGE JKT',1,94.0000,'L',64,NULL,0,NULL,217,100,226),
	(265,'28570770155','M7144PEL','PELICAN GARAGE JKT',1,94.0000,'M',54,NULL,0,NULL,217,100,226),
	(266,'28570770149','M7144PEL','PELICAN GARAGE JKT',1,94.0000,'S',20,NULL,0,NULL,217,100,226),
	(267,'28570770179','M7144PEL','PELICAN GARAGE JKT',1,94.0000,'XL',37,NULL,0,NULL,217,100,226),
	(268,'28570770309','M7154IWL','IRWIN WOOL',1,134.0000,'L',0,'Dozens of sheep gave up parts of their bodies to make this awesome jacket. Don\'t let their loss be in vain. #nine-wooleven never forget.',0,NULL,217,104,226),
	(269,'28570770292','M7154IWL','IRWIN WOOL',1,134.0000,'M',0,'Dozens of sheep gave up parts of their bodies to make this awesome jacket. Don\'t let their loss be in vain. #nine-wooleven never forget.',0,NULL,217,104,226),
	(270,'28570770186','M7154IWL','IRWIN WOOL',1,134.0000,'S',0,'Dozens of sheep gave up parts of their bodies to make this awesome jacket. Don\'t let their loss be in vain. #nine-wooleven never forget.',0,NULL,217,104,226),
	(271,'28570770316','M7154IWL','IRWIN WOOL',1,134.0000,'XL',2,'Dozens of sheep gave up parts of their bodies to make this awesome jacket. Don\'t let their loss be in vain. #nine-wooleven never forget.',0,NULL,217,104,226),
	(272,'28570770347','M7154IWL','IRWIN WOOL',1,134.0000,'L',6,'Dozens of sheep gave up parts of their bodies to make this awesome jacket. Don\'t let their loss be in vain. #nine-wooleven never forget.',0,NULL,217,105,226),
	(273,'28570770330','M7154IWL','IRWIN WOOL',1,134.0000,'M',4,'Dozens of sheep gave up parts of their bodies to make this awesome jacket. Don\'t let their loss be in vain. #nine-wooleven never forget.',0,NULL,217,105,226),
	(274,'28570770323','M7154IWL','IRWIN WOOL',1,134.0000,'S',4,'Dozens of sheep gave up parts of their bodies to make this awesome jacket. Don\'t let their loss be in vain. #nine-wooleven never forget.',0,NULL,217,105,226),
	(275,'28570770353','M7154IWL','IRWIN WOOL',1,134.0000,'XL',6,'Dozens of sheep gave up parts of their bodies to make this awesome jacket. Don\'t let their loss be in vain. #nine-wooleven never forget.',0,NULL,217,105,226),
	(276,'28570770384','M90142UP','2 UPS SS CREW NECK',1,29.5000,'L',8,NULL,0,NULL,219,106,226),
	(277,'28570770377','M90142UP','2 UPS SS CREW NECK',1,29.5000,'M',5,NULL,0,NULL,219,106,226),
	(278,'28570770360','M90142UP','2 UPS SS CREW NECK',1,29.5000,'S',5,NULL,0,NULL,219,106,226),
	(279,'28570770408','M90142UP','2 UPS SS CREW NECK',1,29.5000,'XL',10,NULL,0,NULL,219,106,226),
	(280,'28570770415','M90142UP','2 UPS SS CREW NECK',1,29.5000,'2XL',0,NULL,0,NULL,219,106,226),
	(281,'28570770483','M90142UP','2 UPS SS CREW NECK',1,29.5000,'L',54,NULL,0,NULL,219,107,226),
	(282,'28570770439','M90142UP','2 UPS SS CREW NECK',1,29.5000,'M',28,NULL,0,NULL,219,107,226),
	(283,'28570770422','M90142UP','2 UPS SS CREW NECK',1,29.5000,'S',5,NULL,0,NULL,219,107,226),
	(284,'28570770490','M90142UP','2 UPS SS CREW NECK',1,29.5000,'XL',19,NULL,0,NULL,219,107,226),
	(285,'28570770507','M90142UP','2 UPS SS CREW NECK',1,29.5000,'2XL',11,NULL,0,NULL,219,107,226),
	(286,'28570770538','M90142UP','2 UPS SS CREW NECK',1,29.5000,'L',0,NULL,0,NULL,219,108,226),
	(287,'28570770521','M90142UP','2 UPS SS CREW NECK',1,29.5000,'M',0,NULL,0,NULL,219,108,226),
	(288,'28570770514','M90142UP','2 UPS SS CREW NECK',1,29.5000,'S',0,NULL,0,NULL,219,108,226),
	(289,'28570770545','M90142UP','2 UPS SS CREW NECK',1,29.5000,'XL',0,NULL,0,NULL,219,108,226),
	(290,'28570770667','M90142UP','2 UPS SS CREW NECK',1,29.5000,'2XL',0,NULL,0,NULL,219,108,226),
	(291,'28570770698','M9024THE','THE RECIPE SS CREW',1,29.5000,'L',0,NULL,0,NULL,219,104,226),
	(292,'28570770681','M9024THE','THE RECIPE SS CREW',1,29.5000,'M',0,NULL,0,NULL,219,104,226),
	(293,'28570770674','M9024THE','THE RECIPE SS CREW',1,29.5000,'S',4,NULL,0,NULL,219,104,226),
	(294,'28570770705','M9024THE','THE RECIPE SS CREW',1,29.5000,'XL',10,NULL,0,NULL,219,104,226),
	(295,'28570770712','M9024THE','THE RECIPE SS CREW',1,29.5000,'2XL',9,NULL,0,NULL,219,104,226),
	(296,'28570770743','M9024THE','THE RECIPE SS CREW',1,29.5000,'L',8,NULL,0,NULL,219,109,226),
	(297,'28570770736','M9024THE','THE RECIPE SS CREW',1,29.5000,'M',0,NULL,0,NULL,219,109,226),
	(298,'28570770729','M9024THE','THE RECIPE SS CREW',1,29.5000,'S',0,NULL,0,NULL,219,109,226),
	(299,'28570770759','M9024THE','THE RECIPE SS CREW',1,29.5000,'XL',0,NULL,0,NULL,219,109,226),
	(300,'28570770766','M9024THE','THE RECIPE SS CREW',1,29.5000,'2XL',0,NULL,0,NULL,219,109,226),
	(301,'28570770797','M9024THE','THE RECIPE SS CREW',1,29.5000,'L',6,NULL,0,NULL,219,110,226),
	(302,'28570770780','M9024THE','THE RECIPE SS CREW',1,29.5000,'M',1,NULL,0,NULL,219,110,226),
	(303,'28570770773','M9024THE','THE RECIPE SS CREW',1,29.5000,'S',6,NULL,0,NULL,219,110,226),
	(304,'28570770804','M9024THE','THE RECIPE SS CREW',1,29.5000,'XL',6,NULL,0,NULL,219,110,226),
	(305,'28570770811','M9024THE','THE RECIPE SS CREW',1,29.5000,'2XL',0,NULL,0,NULL,219,110,226),
	(306,'28570770842','M9034SHO','SHOT OFF SS CREW',1,29.5000,'L',57,NULL,1,24.9500,219,106,226),
	(307,'28570770835','M9034SHO','SHOT OFF SS CREW',1,29.5000,'M',6,NULL,1,24.9500,219,106,226),
	(308,'28570770828','M9034SHO','SHOT OFF SS CREW',1,29.5000,'S',5,NULL,1,24.9500,219,106,226);

/*!40000 ALTER TABLE `products` ENABLE KEYS */;
UNLOCK TABLES;


# Dump of table seasons
# ------------------------------------------------------------

DROP TABLE IF EXISTS `seasons`;

CREATE TABLE `seasons` (
  `id` int(11) unsigned NOT NULL AUTO_INCREMENT,
  `name` varchar(255) NOT NULL DEFAULT '',
  `code` char(4) NOT NULL DEFAULT '',
  PRIMARY KEY (`id`)
) ENGINE=InnoDB DEFAULT CHARSET=utf8;

LOCK TABLES `seasons` WRITE;
/*!40000 ALTER TABLE `seasons` DISABLE KEYS */;

INSERT INTO `seasons` (`id`, `name`, `code`)
VALUES
	(88,'BLUE','BLU'),
	(89,'RED','RED'),
	(90,'NAVY','NVY'),
	(91,'YELLOW','YEL'),
	(92,'BLACK','BLK'),
	(93,'GREEN','GRN'),
	(94,'WHITE/ORANGE','WOR'),
	(95,'SILVER','SIL'),
	(96,'WHITE','WHT'),
	(97,'GOLF GREEN','GFG'),
	(98,'NEO BLUE','NEB'),
	(99,'NEO ORANGE','NOG'),
	(100,'CAMO','CMM'),
	(101,'MILITARY','MIL'),
	(102,'CHARCOAL','CHR'),
	(103,'RUST','RST'),
	(104,'BLACK HEATHER','BKH'),
	(105,'GREY HEATHER','GRH'),
	(106,'MARINE','MRE'),
	(107,'ROSE','RSE'),
	(108,'VINTAGE WHITE','VWH'),
	(109,'POWDER BLUE HEATHER','PBH'),
	(110,'PORT HEATHER','PTE');

/*!40000 ALTER TABLE `seasons` ENABLE KEYS */;
UNLOCK TABLES;



/*!40111 SET SQL_NOTES=@OLD_SQL_NOTES */;
/*!40101 SET SQL_MODE=@OLD_SQL_MODE */;
/*!40014 SET FOREIGN_KEY_CHECKS=@OLD_FOREIGN_KEY_CHECKS */;
/*!40101 SET CHARACTER_SET_CLIENT=@OLD_CHARACTER_SET_CLIENT */;
/*!40101 SET CHARACTER_SET_RESULTS=@OLD_CHARACTER_SET_RESULTS */;
/*!40101 SET COLLATION_CONNECTION=@OLD_COLLATION_CONNECTION */;
